{"times":[1632745800000,1632747600000,1632749400000,1632751200000,1632753000000,1632754800000,1632756600000,1632758400000,1632760200000,1632762000000,1632763800000,1632765600000,1632767400000,1632769200000,1632771000000,1632772800000,1632778200000,1632823200000,1632828600000,1632830400000,1632834000000,1632835800000,1632837600000,1632839400000,1632841200000,1632843000000,1632844800000,1632846600000,1632848400000,1632850200000,1632852000000,1632853800000,1632855600000,1632857400000,1632859200000,1632862800000,1632909600000,1632911400000,1632918600000,1632920400000,1632922200000,1632924000000,1632925800000,1632927600000,1632929400000,1632931200000,1632933000000,1632934800000,1632936600000,1632938400000,1632940200000,1632942000000,1632943800000,1632945600000,1632994200000,1633008600000,1633010400000,1633012200000,1633014000000,1633015800000,1633017600000,1633019400000,1633021200000,1633023000000,1633024800000,1633026600000,1633028400000,1633030200000,1633032000000,1633033800000,1633035600000,1633075200000,1633078800000,1633080600000,1633082400000,1633086000000,1633091400000,1633093200000,1633095000000,1633096800000,1633098600000,1633100400000,1633102200000,1633104000000,1633105800000,1633107600000,1633109400000,1633111200000,1633113000000,1633114800000,1633116600000,1633118400000,1633120200000,1633122000000,1633334400000,1633336200000,1633338000000,1633343400000,1633345200000,1633347000000,1633348800000,1633350600000,1633352400000,1633354200000,1633356000000,1633357800000,1633359600000,1633361400000,1633363200000,1633365000000,1633366800000,1633368600000,1633370400000,1633372200000,1633374000000,1633375800000,1633377600000,1633435200000,1633437000000,1633438800000,1633440600000,1633442400000,1633444200000,1633446000000,1633447800000,1633449600000,1633451400000,1633453200000,1633455000000,1633456800000,1633458600000,1633460400000,1633462200000,1633464000000,1633467600000,1633514400000,1633519800000,1633521600000,1633523400000,1633527000000,1633528800000,1633530600000,1633532400000,1633534200000],"values":[0.0,0.0,0.0,0.0,0.0,0.0,0.0,0.0,0.0,0.0,0.0,0.0,0.0,0.0,0.0,0.0,0.0,0.0,0.0,0.0,0.0,0.0,0.10916064220469685,0.14411646122014427,0.16605753342734697,0.18851148681224,0.21832228909812712,0.24532564110318678,0.26882423667201688,0.29262274678588518,0.30588292361199215,0.320489824574921,0.34651531964532378,0.3791341495206646,0.404551966252595,0.42510823038468565,0.44379709036185117,0.460788187820112,0.47623575354583592,0.49028000745213951,0.47788142511899628,0.39459196414481057,0.27412692534824029,0.16621234865912749,0.070383655342104473,-0.011621305737726207,-0.08380999105860526,-0.15205117422406239,-0.21528922445185045,-0.26820526004278378,-0.30860774121173323,-0.352681365651136,-0.39312429755267242,-0.43712440018885135,-0.4765080731819456,-0.52313788826107055,-0.56649417550211179,-0.611247242795085,-0.65794461867991993,-0.7024719287049136,-0.74219150482952989,-0.75196086010833108,-0.735828685762284,-0.717631172261785,-0.68796371440923143,-0.58919202742376209,-0.46637463259784223,-0.3523605740788841,-0.21846595179912812,-0.095035508324819939,0.015321381022392786,0.11262907719233339,0.20581803369109711,0.29238518273794639,0.37183345118812672,0.44381647880702624,0.50820328228098544,0.56379971183660493,0.62600297946631123,0.68193878623259951,0.71913809745435409,0.7488443498153099,0.77175252474205758,0.78317566855051535,0.80562070646157424,0.81924179186608082,0.80551402651053028,0.76718765368467146,0.71632786068576115,0.6112546611686982,0.51021449765507088,0.41852377117417106,0.33542462395722278,0.25939080222594529,0.15913963399424014,0.067995638490468163,-0.014868512251312298,-0.0898531843304987,-0.15119396433056945,-0.20710188366826052,-0.25659425969398331,-0.23047371061656746,-0.24517565613866871,-0.21609259709749082,-0.16395815642236558,-0.14152024475737077,-0.11380333216135009,-0.15793405408393524,-0.17477992362571276,-0.18702879633142444,-0.21365004876516522,-0.22636480424186811,-0.23833514953906895,-0.25240941713905013,-0.26694684678622721,-0.19249739515858089,-0.12481119654266801,-0.063273852977177941,-0.00732678059709484,0.03119944884700274,0.08782020783538827,0.15180952895975519,0.20110030046484526,0.26520492853464395,0.28840077527458663,0.30018291249346551,0.32451618516523534,0.34527395356346169,0.38961565299007667,0.40393195533125376,0.4203642474487238,0.43405997326817874,0.44568041367928529,0.45344962152287105,0.46128363647702142,0.46965249045542456,0.45735282258450888,0.44617050029442212,0.38323843045399791,0.393033908668797,0.37134789202937835,0.28048136435632881,0.22435481150724709,0.155495534588664]}