{"times":[1612353600000,1612355400000,1612357200000,1612359000000,1612360800000,1612362600000,1612364400000,1612366200000,1612368000000,1612369800000,1612371600000,1612373400000,1612375200000,1612377000000,1612378800000,1612380600000,1612382400000,1612384200000,1612386000000,1612391400000,1612393200000,1612440000000,1612445400000,1612447200000,1612449000000,1612450800000,1612452600000,1612454400000,1612456200000,1612458000000,1612459800000,1612461600000,1612463400000,1612465200000,1612467000000,1612468800000,1612470600000,1612472400000,1612474200000,1612526400000,1612530000000,1612533600000,1612535400000,1612537200000,1612539000000,1612540800000,1612542600000,1612544400000,1612546200000,1612548000000,1612549800000,1612551600000,1612553400000,1612555200000,1612557000000,1612558800000,1612560600000,1612567800000,1612569600000,1612571400000,1612785600000,1612787400000,1612791000000,1612792800000,1612794600000,1612796400000,1612798200000,1612800000000,1612801800000,1612803600000,1612805400000,1612807200000,1612809000000,1612810800000,1612812600000,1612814400000,1612816200000,1612818000000,1612873800000,1612877400000,1612879200000,1612881000000,1612882800000,1612884600000,1612886400000,1612888200000,1612890000000,1612891800000,1612893600000,1612895400000,1612897200000,1612899000000,1612900800000,1612902600000,1612904400000,1612906200000,1612908000000,1612911600000,1612963800000,1612965600000,1612967400000,1612969200000,1612971000000,1612972800000,1612974600000,1612976400000,1612978200000,1612980000000,1612981800000,1612983600000,1612985400000,1612987200000,1612989000000,1612990800000,1612996200000,1613003400000,1613043000000,1613044800000,1613050200000,1613052000000,1613053800000,1613055600000,1613057400000,1613059200000,1613061000000,1613062800000,1613064600000,1613066400000,1613068200000,1613070000000,1613071800000,1613073600000,1613075400000,1613077200000,1613079000000,1613080800000,1613086200000,1613088000000,1613134800000,1613136600000,1613138400000,1613140200000,1613142000000,1613143800000,1613145600000,1613147400000],"values":[0.0,0.0,0.0,0.0,0.0,0.0,0.0,0.0,0.0,0.0,0.0,0.0,0.0,0.0,0.0,0.0,0.0,0.0,0.0,0.0,0.0,0.0,-0.21543378955356274,-0.28652681441659505,-0.35565071548148353,-0.41247642874304896,-0.43549870484439013,-0.43765278957112125,-0.35752882648424245,-0.28432405909621283,-0.223173056225746,-0.15720390851791344,-0.093216159303066926,-0.046752624584005684,-0.015369518419143236,0.0088381245946597443,0.037255234500834365,0.068943992494713557,0.096254140173611377,0.12108333689179585,0.14365696105958653,0.16417991691081096,0.20309129085020039,0.23295892841204477,0.2929794259439748,0.32635602698582261,0.31297839140919687,0.31777778473144197,0.30474865403430185,0.22734466096227243,0.16412381980021293,0.1056248095483089,0.056747441532256755,-0.0059120857739577886,-0.062993682351652355,-0.1152945132978889,-0.15795654626765818,-0.19490369823265472,-0.22928657847750655,-0.26034300742809413,-0.28857815990126379,-0.3142483306878523,-0.33758653184822496,-0.35706842092448954,-0.30507969918977146,-0.328798542267607,-0.26287212987596548,-0.19399641117216879,-0.13752543472556328,-0.090993069196400933,-0.027957563357933868,0.036367448340956933,0.10402437574899463,0.15808168082976631,0.21465312717754487,0.26855022825831526,0.31788943896173916,0.36216424109258089,0.402050661992477,0.4383136585369099,0.46754973271488226,0.49970695796169062,0.53593845318728861,0.56754813014683758,0.59620430614063979,0.5743980069014667,0.54361077712887762,0.44883309279901906,0.35753486342103924,0.27754735853888657,0.20575767613559504,0.13526881067693178,0.058396166101889364,-0.021701169060260189,-0.0865085855974253,-0.14633000488301751,-0.20051540014056107,-0.24368026995779138,-0.28292388945806085,-0.31860247896853294,-0.36421807886424229,-0.39218320194780243,-0.43693221096978063,-0.47483619771423308,-0.5114582159920118,-0.5480342262916067,-0.5639386207794872,-0.56930276741201791,-0.56199019201826417,-0.55143439900137448,-0.53668629324302153,-0.52131757869793982,-0.51290570930231327,-0.51573944960433948,-0.50947149811968917,-0.50473511389004067,-0.50039918545682527,-0.49652536881563941,-0.49383030604771561,-0.4913800723683005,-0.46585392102657186,-0.37849192856202107,-0.36463873595630497,-0.28527387354624489,-0.22610081894468187,-0.14695594572668014,-0.072197981612287188,-0.011472830699687133,0.033970472818845451,0.00954962306608597,-0.018535281362653165,-0.034103811131011262,-0.052003028657188873,-0.0532866409295669,-0.0051687839150504882,0.037545746492398911,0.0763799370167848,0.11168629153593206,0.14378529122150416,0.17296830359553955,0.1995002273179447,0.22429066983488083,0.21945601215222874,0.23737428314224646,0.251325076596383,0.26285573323739536]}